"Network Destination (Destination Instance)","Product ID","Product Page URL","UPC","Product Name","Asker Display Name","Question Submission Date","Question Title","Question Text","Answer Submission Date","Answer Text","# Days To Answer","Marked ""Can't Answer"""
"homedepot","301667472","https://www.homedepot.com/p/Leviton-250W-Medium-Base-2-Circuit-Turn-Knob-Brass-Shell-Incandescent-Lampholder-For-3-Way-Lamps-Brass-7090-BR-7090-BR/301667472","078477071946","250W Medium Base 2-Circuit Turn Knob Brass Shell Incandescent Lampholder (For 3-Way Lamps), Brass 7090-BR","Sara","2025-06-26 07:35:22","Is this a 3-terminal (as with 1 nite lite bulb and 1 standard light bulb -- 1 terminal screw each) and a 3rd terminal screw that lights BOTH circuits at the same time (the nite lite bulb as well as the standard light bulb)?","","","","","No"
"homedepot","327585902","https://www.homedepot.com/p/Leviton-30-Watt-6-Amp-White-USB-Type-C-C-15-Amp-Tamper-Resistant-Outlet-USB-Charger-for-Smartphones-and-Tablets-Not-for-Laptops-R02-T5637-00W/327585902","078477000939","30-Watt 6 Amp White USB Type-C/C 15 Amp Tamper-Resistant Outlet USB Charger for Smartphones and Tablets, Not for Laptops","RB22","2025-02-27 19:41:30","Please provide back and rear view of product. What kind of wire connectors does this device have? Rear push-in? Side wire clamp? Or just screw terminals?","","","","","No"
"homedepot","331844308","https://www.homedepot.com/p/Leviton-20-Amp-125-Volt-Self-Test-Tamper-Resistant-Industrial-Grade-GFCI-Duplex-Outlet-Receptacle-w-Pilot-Light-White-1-Pack-012-GFPL2-PLW/331844308","078477723890","20 Amp 125-Volt Self-Test Tamper Resistant Industrial Grade GFCI Duplex Outlet/Receptacle w/Pilot Light White (1-Pack)","Joseph","2025-03-12 04:21:52","what size electrical box and cover is used for this GFCI outlet","","","","","No"
"homedepot","331848887","https://www.homedepot.com/p/Leviton-Decora-15-Amp-125-250V-Euro-American-Standard-Commercial-Grade-Universal-Europlug-Duplex-Outlet-White-5835-W-000-05835-00W/331848887","078477932124","Decora 15 Amp 125/250V Euro-American Standard Commercial Grade Universal (Europlug) Duplex Outlet, White 5835-W","Hector","2025-06-30 22:32:14","How to wire to get 240 volts, where to connect the 2 hot and neutral wire?","","","","","No"
"homedepot","206942378","https://www.homedepot.com/p/Leviton-Decora-Slide-Dimmer-Switch-for-Dimmable-LED-Halogen-and-Incandescent-Bulbs-White-Light-Almond-DSL06-1TW-R11-DSL06-1TW/206942378","078477762783","Decora Slide Dimmer Switch for Dimmable LED, Halogen and Incandescent Bulbs, White/Light Almond DSL06-1TW","JATMN","2025-08-09 19:42:20","Is this dimmer model (Leviton DSL06-1TW) considered “low voltage?” Thank you.","","","","","No"
"homedepot","301667448","https://www.homedepot.com/p/Leviton-75W-Candelabra-Base-One-Piece-Single-Circuit-Keyless-Hickey-Mount-Phenolic-Incandescent-Lampholder-Black-10026-10026/301667448","078477770719","75W Candelabra Base One-Piece Single Circuit Keyless Hickey Mount Phenolic Incandescent Lampholder, Black 10026","Salv","2025-03-07 02:02:05","Is this an E12 socket? This unit is adjustable. What is the length range?a","","","","","No"
"homedepot","330151198","https://www.homedepot.com/p/Leviton-15-Amp-Tamper-Resistant-Type-A-C-3-6-Amp-18-Watt-USB-Outlet-1-Pack-002-T5638-00W/330151198","078477005439","15 Amp Tamper Resistant Type A/C 3.6 Amp 18-Watt USB Outlet (1-Pack)","RB22","2025-02-27 19:29:31","Does this outlet use power when nothing is plugged in? How much power does USB converter chip use when nothing is plugged in? It must be more than zero.","","","","","No"
"homedepot","320528167","https://www.homedepot.com/p/Leviton-Decora-Smart-Wi-Fi-Tamper-Resistant-15A-Duplex-Outlet-2nd-Gen-Works-with-Alexa-Google-HomeKit-and-Anywhere-Companions-R02-D215R-1RW/320528167","078477471487","Decora Smart Wi-Fi Tamper Resistant 15A Duplex Outlet (2nd Gen) Works with Alexa/Google/HomeKit and Anywhere Companions","Michael","2025-08-10 15:14:17","Does the outlet let you know if power is lost","","","","","No"
"homedepot","328986413","https://www.homedepot.com/p/Leviton-200-Amp-30-Space-120-Volt-240-Volt-Surface-Mount-All-in-One-CSED-Meter-Load-Center-Combination-UG-Service-Entrance-RE0-LJ320-BER/328986413","078477015810","200 Amp 30-Space, 120-Volt/240-Volt Surface Mount All-in-One CSED Meter Load Center Combination, UG Service Entrance","Thomas","2025-02-23 07:37:24","Does this come with service mast and weather head","","","","","No"
"homedepot","301370408","https://www.homedepot.com/p/Leviton-Trimatron-Rotary-Dimmer-Switch-for-Dimmable-LED-Halogen-and-Incandescent-Bulbs-White-RDL06-TW-R00-RDL06-0TW/301370408","078477855621","Trimatron Rotary Dimmer Switch for Dimmable LED, Halogen and Incandescent Bulbs - White RDL06-TW","Jessica","2025-02-22 22:24:54","Can this be used on a ceiling fan light if we never use the fan, only the light?","","","","","No"
"homedepot","301747919","https://www.homedepot.com/p/Leviton-1-5-Amp-Decora-Single-Pole-Rotary-Step-Fan-Speed-Control-White-with-Ivory-and-Light-Almond-Color-Faces-Included-RTF01-10Z/301747919","078477318416","1.5 Amp Decora Single Pole Rotary Step Fan Speed Control, White with Ivory and Light Almond Color Faces Included","Pieter","2025-08-05 18:18:37","will this speed control work on a Hunter ceiling fan","","","","","No"
"homedepot","301667491","https://www.homedepot.com/p/Leviton-660W-Medium-Base-One-Piece-Single-Circuit-Keyless-Box-Mount-Glazed-Porcelain-Incandescent-Lampholder-White-49816-C-49816-C/301667491","078477322901","660W Medium Base One-Piece Single Circuit Keyless Box Mount Glazed Porcelain Incandescent Lampholder, White 49816-C","Tommy","2025-04-10 15:57:03","What is distance between screws on medium base","","","","","No"
"homedepot","301940681","https://www.homedepot.com/p/Leviton-Decora-GFCI-1-Gang-Extra-Heavy-Duty-Raintight-While-In-Use-Device-Mount-Horizontal-Cover-with-Lid-Clear-5981-UCL-5981-UCL/301940681","078477674253","Decora/GFCI 1-Gang Extra Heavy-Duty Raintight While-In-Use Device Mount Horizontal Cover with Lid, Clear 5981-UCL","Hattie","2025-08-03 18:33:29","does it come with hardware for installation?","","","","","No"
"homedepot","312395759","https://www.homedepot.com/p/Leviton-200-Amp-42-Space-Indoor-Load-Center-with-Main-Breaker-LP420-MBR-11B-LP420-MBR/312395759","078477588451","200 Amp 42-Space Indoor Load Center with Main Breaker LP420-MBR","DIYer","2025-03-21 00:04:31","Where is the dimensional spec sheet? I can't find anywhere the diameter of available knock outs and location of mounting points","","","","","No"
"homedepot","205649164","https://www.homedepot.com/p/Leviton-75-Watt-Incandescent-CFL-LED-Thermoplastic-Lampholder-Adaptor-Medium-to-Candelabra-White-2-Pack-2007-R50-02007-000/205649164","078477703717","75-Watt Incandescent/CFL/LED Thermoplastic Lampholder Adaptor Medium to Candelabra, White (2-Pack) 2007","Linda","2025-02-15 17:48:12","Can this be used with the Phillips Hue Smart bulbs?","","","","","No"
"homedepot","309375471","https://www.homedepot.com/p/Leviton-Decora-15-Amp-Tamper-Resistant-Duplex-Outlet-with-30W-USB-C-Power-Delivery-Charger-Ivory-1-Pack-T5635-I-T5635-I/309375471","078477979235","Decora 15 Amp Tamper Resistant Duplex Outlet with 30W USB-C Power Delivery Charger, Ivory (1-Pack) T5635-I","JDMI","2025-06-20 14:30:16","Does this product use GaN to reduce heat build up?","","","","","No"
"homedepot","330151198","https://www.homedepot.com/p/Leviton-15-Amp-Tamper-Resistant-Type-A-C-3-6-Amp-18-Watt-USB-Outlet-1-Pack-002-T5638-00W/330151198","078477005439","15 Amp Tamper Resistant Type A/C 3.6 Amp 18-Watt USB Outlet (1-Pack)","RB22","2025-02-27 19:32:33","What connectors does this use? Push in? Wire clamp? or Just screws? Please supply a rear & side view of product.","","","","","No"
"homedepot","202066690","https://www.homedepot.com/p/Leviton-Decora-15-Amp-125-V-Tamper-Resistant-Duplex-Outlet-Receptacle-Black-1-Pack-T5325-DE-R55-T5325-0DE/202066690","078477466636","Decora 15 Amp 125 V Tamper Resistant Duplex Outlet/Receptacle, Black (1-Pack) T5325-DE","Endia","2025-03-23 19:30:37","Are these 2 way outlets?","","","","","No"
"homedepot","327993803","https://www.homedepot.com/p/Leviton-Type-1-Surge-Protective-Panel-120-240-VAC-200-Amp-Split-Phase-36kA-per-Phase-R2120-B-020-R2120-00B/327993803","078477583012","Type 1 Surge Protective Panel, 120/240 VAC, 200 Amp, Split Phase, 36kA per Phase R2120-B","SailRN","2025-07-29 17:36:32","Is there any problem using this on a RV with only single phase 120 V service? Can one hot wire either be left disconnected or both hot wires connected to same L? I'm aware this is designed for 240/120 split phase so don't waste time on anything other ans","","","","","No"
"homedepot","205165472","https://www.homedepot.com/p/Leviton-15-Amp-125-Volt-Double-Pole-3-Wire-Grounding-Plug-Black-3W101-E-R50-3W101-00E/205165472","078477560549","15 Amp 125-Volt Double Pole 3-Wire Grounding Plug, Black 3W101-E","Bubba","2025-02-16 05:10:46","Can i use 2 of these and some to power my condo with the gas generator in my basement when the power goes out.","","","","","No"
"homedepot","331483372","https://www.homedepot.com/p/Leviton-Decora-Lever-Edge-20-Amp-125-Volt-Tamper-Resistant-Duplex-Outlet-Receptacle-White-1-Pack-E5825-SW-R02-E5825-0SW/331483372","078477018224","Decora Lever Edge 20 Amp 125 Volt Tamper-Resistant Duplex Outlet/Receptacle, White (1-Pack) E5825-SW","John","2025-03-06 19:57:02","My hole life the ground has been on the neutral side of outlet, explain why now I go to the store and see 2 options now 1 where the the ground is on the neutral side which is normal to me , 2nd option I see is where the ground is on the hot side","","","","","No"
"homedepot","302183191","https://www.homedepot.com/p/Leviton-15-Amp-125-Volt-2-Pole-2-Wire-Polarized-Plug-White-101-WH-R62-00101-0WH/302183191","078477886038","15 Amp 125-Volt 2-Pole 2-Wire Polarized Plug, White 101-WH","RikiTiki","2025-03-11 20:53:50","Can I use this on a regular coffee maker?","","","","","No"
"homedepot","301753395","https://www.homedepot.com/p/Leviton-Decora-1-Gang-Ivory-Nylon-Wall-Plate-Adapter-Insert-1-Pack-80414-I-80414-I/301753395","078477789971","Decora 1-Gang Ivory Nylon Wall Plate Adapter Insert (1-Pack) 80414-I","alan","2025-04-02 20:32:54","bought one with total length of 4"" but the holes dont line up. i need one with the holes 3 1/4"" length","","","","","No"
"homedepot","323401967","https://www.homedepot.com/p/Leviton-Level-2-EV-Charger-Station-48-Amp-208-240-VAC-11-6-kW-Output-18-ft-Charging-Cable-Hardwired-White-EV480-EV480/323401967","078477997284","Level 2 EV Charger Station, 48 Amp, 208/240 VAC 11.6 kW Output, 18 ft. Charging Cable, Hardwired , White EV480","Edgar","2025-02-23 03:53:53","Does it works with Kia ev6 2024?","","","","","No"
"homedepot","301447032","https://www.homedepot.com/p/Leviton-3-Amp-Industrial-Grade-Heavy-Duty-Single-Pole-Toggle-Switch-White-12021-2W-12021-2W/301447032","078477394304","3 Amp Industrial Grade Heavy Duty Single-Pole Toggle Switch, White 12021-2W","Jeff","2025-06-26 02:57:15","Will these work with an old Remcon low voltage lighting system from the 60s?","","","","","No"
"homedepot","330333492","https://www.homedepot.com/p/Leviton-Level-2-EV-Charger-Station-40-Amp-208-240-VAC-9-6-kW-Output-25-ft-Charging-Cable-NEMA-14-50P-Plug-EV40P-000-EV40P-000/330333492","078477015582","Level 2 EV Charger Station 40 Amp, 208/240 VAC, 9.6 kW Output 25 ft. Charging Cable NEMA 14-50P Plug EV40P","HUSK","2025-08-10 02:36:57","HOW LONG FOR A FULL CHARGE","","","","","No"
"homedepot","332000351","https://www.homedepot.com/p/Leviton-400-Amp-Outdoor-Meter-Main-Combo-12-Spaces-Ringless-with-Lever-Bypass-Removable-5th-Jaw-Installed-250-LS140-S5D/332000351","078477333709","400 Amp Outdoor Meter Main Combo, 12-Spaces, Ringless with Lever Bypass, Removable 5th Jaw Installed","ebebeb","2025-04-22 20:54:53","Supplied lugs support 350KCMIL?","","","","","No"
"homedepot","301667405","https://www.homedepot.com/p/Leviton-660-Watt-White-Slimline-Base-Single-Pin-Pedestal-Slide-On-Lock-On-Stationary-Standard-Fluorescent-Lampholder-2537-2537/301667405","078477775271","660-Watt White Slimline Base Single Pin Pedestal Slide-On Lock-On Stationary Standard Fluorescent Lampholder 2537","Bill","2025-02-26 19:07:00","Are these shunted?","","","","","No"
"homedepot","312395782","https://www.homedepot.com/p/Leviton-200-Amp-12-Space-All-in-One-UG-OH-Semi-Flush-Solar-Ready-Panel-with-Main-Breaker-LP120-SR-03S-LP120-0SR/312395782","078477957516","200 Amp 12-Space All-in-One UG/OH Semi-Flush (Solar Ready) Panel with Main Breaker LP120-SR","AllPhaseElectric","2025-03-12 01:26:42","Does this have feed thru lugs?","","","","","No"
"homedepot","100055784","https://www.homedepot.com/p/Leviton-15-Amp-125-V-Duplex-Outlet-Receptacle-White-10-Pack-5320-WMP-M24-05320-WMP/100055784","078477800744","15 Amp 125 V Duplex Outlet/Receptacle, White (10-Pack) 5320-WMP","GZZZ","2025-07-30 15:41:09","Is there any difference between the 15 v 125 outlet/ receptacle Duplex or Residential?","","","","","No"
"homedepot","302765244","https://www.homedepot.com/p/Leviton-Decora-Digital-Dimmer-Switch-Color-Change-Faceplate-with-locator-light-Light-Almond-DDKIT-T-DDKIT-T/302765244","078477759288","Decora Digital Dimmer Switch Color Change Faceplate with locator light - Light Almond DDKIT-T","Aroth","2025-05-16 11:54:21","Is beige similar to light almond?","","","","","No"
"homedepot","202027026","https://www.homedepot.com/p/Leviton-15-20-Amp-Industrial-Toggle-Switch-White-1221-20W-R52-01221-20W/202027026","078477466032","15/20 Amp Industrial Toggle Switch, White 1221-20W","Homer","2025-07-27 21:32:11","What is the max temperature this is rated for? (To be used in a 12A, built-in bathroom wall heater)","","","","","No"
"homedepot","301447176","https://www.homedepot.com/p/Leviton-20-Amp-Industrial-Grade-Heavy-Duty-Double-Pole-Toggle-Switch-Red-1222-2R-1222-2R/301447176","078477241912","20 Amp Industrial Grade Heavy Duty Double-Pole Toggle Switch, Red 1222-2R","Royce","2025-04-25 04:50:06","Could I use thus to turn off and on a 240volt outlet?","","","","","No"
"homedepot","328422838","https://www.homedepot.com/p/2nd-Gen-2-Pole-50-Amp-GFCI-Smart-Circuit-Breaker-120-240-Volt-and-120-208-Volt-10kA-Interrupt-Rating-Thermal-Magnetic-208-LB250-GST/328422838","078477681404","2nd Gen 2-Pole 50 Amp GFCI Smart Circuit Breaker, 120/240-Volt and 120/208-Volt, 10kA Interrupt Rating, Thermal Magnetic","Kevin","2025-08-09 20:22:13","Can I add this to my existing GE panel ?","","","","","No"
"homedepot","315110883","https://www.homedepot.com/p/Leviton-15-Amp-120-277-Volt-Single-Pole-Antimicrobial-Treated-Decora-Rocker-Switch-White-5601-2AW-RA2-05601-2AW/315110883","078477682609","15 Amp 120/277 Volt Single Pole Antimicrobial Treated Decora Rocker Switch, White 5601-2AW","inspector","2025-05-09 16:22:46","What's the fire rating for the switch","","","","","No"
"homedepot","301390715","https://www.homedepot.com/p/Leviton-15-Amp-125-Volt-3-Wire-Round-Type-Single-Outlet-Zinc-Plated-Steel-5059-5059/301390715","078477210901","15 Amp 125-Volt 3-Wire Round Type Single Outlet, Zinc Plated Steel 5059","Lalveatch","2025-07-31 02:10:31","Can this convert a round light rough in to a outlet","","","","","No"
"homedepot","100357042","https://www.homedepot.com/p/Leviton-15-Amp-3-Way-CO-ALR-AC-Quiet-Toggle-Switch-White-2653-2W-R62-02653-02W/100357042","078477851838","15 Amp 3-Way CO/ALR AC Quiet Toggle Switch, White 2653-2W","BLYN","2025-03-20 20:45:29","The pictures do not display a black screw. Which is the ""common"" terminal?","","","","","No"
"homedepot","326493924","https://www.homedepot.com/p/Leviton-Decora-20-Amp-2-Hour-Indoor-In-Wall-Countdown-Timer-Switch-1-HP-16-Amp-Fan-Motor-Single-Pole-Multi-Way-White-002-DT202-1LW/326493924","078477264348","Decora 20 Amp 2-Hour Indoor In-Wall Countdown Timer Switch, 1 HP/16 Amp Fan/Motor, Single Pole/Multi-Way, White","Jason","2025-02-25 05:38:14","Is this considered a solid state timer? Or mechanical?","","","","","No"
"homedepot","327842514","https://www.homedepot.com/p/Leviton-2nd-Gen-Load-Center-Wifi-Data-Hub-Whole-Home-Energy-Monitor-with-1-Pair-of-CTs-LWHEM-2R-R02-LWHEM-02R/327842514","078477264089","2nd Gen Load Center Wifi Data Hub, Whole Home Energy Monitor with 1-Pair of CTs LWHEM-2R","Edgar","2025-02-23 17:24:40","What is the current of the CT?","","","","","No"
"homedepot","100356913","https://www.homedepot.com/p/Leviton-2-Gang-White-Toggle-Nylon-Standard-Wall-Plate-1-Pack-PJ2-W-R52-00PJ2-00W/100356913","078477211861","2-Gang White Toggle Nylon Standard Wall Plate (1-Pack) PJ2-W","Ryan","2025-02-28 01:06:27","Does this cover fit the leviton 15a-120/277v ac/ca two switches?","","","","","No"
"homedepot","320954125","https://www.homedepot.com/p/Leviton-Decora-Smart-Wi-Fi-2nd-Gen-Scene-Controller-Switch-D2SCS-1RW-R02-D2SCS-1RW/320954125","078477472668","Decora Smart Wi-Fi 2nd Gen Scene Controller Switch D2SCS-1RW","RonT","2025-07-21 16:23:36","Will this switch operate with a Stream Deck controller?","","","","","No"
"homedepot","311373554","https://www.homedepot.com/p/Leviton-50-Amp-Single-Surface-Mounted-Single-Outlet-Black-R20-55050-P00/311373554","078477982341","50 Amp Single Surface Mounted Single Outlet, Black","ahandyman","2025-03-17 23:20:27","with wire entering the outlet box on the end, what is the recommended length of the wires inside the outlet box?","","","","","No"
"homedepot","100356883","https://www.homedepot.com/p/Leviton-4-Gang-Ivory-Toggle-Plastic-Standard-Wall-Plate-1-Pack-86012-I-86012-I/100356883","078477439302","4-Gang Ivory Toggle Plastic Standard Wall Plate (1-Pack) 86012-I","JonF","2025-03-13 14:08:27","The dimensions listed are incorrect. What is the actual size of this 4-gang switch plate?","","","","","No"
"homedepot","206000140","https://www.homedepot.com/p/Leviton-15-Amp-Self-Test-SmartlockPro-Slim-Duplex-GFCI-Outlet-Gray-GFNT1-KGY-R03-GFNT1-KGY/206000140","078477714225","15 Amp Self-Test SmartlockPro Slim Duplex GFCI Outlet, Gray GFNT1-KGY","Justcurious","2025-02-28 13:12:46","Will this work in a camper","","","","","No"
"homedepot","100356925","https://www.homedepot.com/p/Leviton-Grounded-Triple-Cube-Outlet-Adapter-White-692-W-R54-00692-00W/100356925","078477122679","Grounded Triple Cube Outlet Adapter, White 692-W","Sandy","2025-03-29 20:24:50","Can I use it on a cruise ship? Grounded triple cube outlet adapter.","","","","","No"
"homedepot","100357030","https://www.homedepot.com/p/Leviton-Glazed-Porcelain-Lamp-Holder-with-Pull-Chain-and-Outlet-9726-C-R60-09726-00C/100357030","078477103098","Glazed Porcelain Lamp Holder with Pull Chain and Outlet 9726-C","Daniel","2025-05-12 21:54:55","Product location in store","","","","","No"
"homedepot","301667459","https://www.homedepot.com/p/Leviton-660-Wat-Medium-Base-One-Piece-Single-Circuit-Keyless-Ceiling-Mount-Glazed-Porcelain-Incandescent-Lampholder-White-9874/301667459","078477294505","660 Wat Medium Base One-Piece Single Circuit Keyless Ceiling Mount Glazed Porcelain Incandescent Lampholder, White","Ashley","2025-05-20 00:09:49","Can I install these in a traditional pot light?","","","","","No"
"homedepot","312395782","https://www.homedepot.com/p/Leviton-200-Amp-12-Space-All-in-One-UG-OH-Semi-Flush-Solar-Ready-Panel-with-Main-Breaker-LP120-SR-03S-LP120-0SR/312395782","078477957516","200 Amp 12-Space All-in-One UG/OH Semi-Flush (Solar Ready) Panel with Main Breaker LP120-SR","AllPhaseElectric","2025-05-12 15:03:19","Does this tace feed-thru lugs?","","","","","No"
"homedepot","202077649","https://www.homedepot.com/p/Leviton-30-Amp-125-Volt-2-Pole-Angle-Travel-Trailer-Plug-Black-830-T-R50-00830-00T/202077649","078477816639","30 Amp 125-Volt 2-Pole Angle Travel Trailer Plug, Black 830-T","surfer","2025-07-07 13:21:58","I need an adapter plug to convert a European plug to US PLUG","","","","","No"
"homedepot","301207400","https://www.homedepot.com/p/Leviton-20-Amp-Commercial-Grade-Grounding-Single-Outlet-White-5801-W-5801-W/301207400","078477249208","20-Amp Commercial Grade Grounding Single Outlet, White 5801-W","John","2025-08-11 13:42:35","What metal Leviton cover will fit this outlet?","","","","","No"
"homedepot","301792133","https://www.homedepot.com/p/Leviton-2-Gang-Clear-Wall-Plate-Plastic-Shield-1-Pack-12796-12796/301792133","078477852453","2-Gang Clear Wall Plate Plastic Shield  (1-Pack) 12796","mary","2025-03-09 16:54:53","What are the inner cutout dimensions of this plate?","","","","","No"
"homedepot","302119831","https://www.homedepot.com/p/Leviton-Series-1000-Single-Phase-Indoor-Meter-Kit-120-240-Volt-200-Amp-1P3-Watt-with-2-Solid-Core-CTs-Gray-1K240-2SW-1K240-2SW/302119831","078477597484","Series 1000 Single Phase Indoor Meter Kit, 120/240-Volt 200 Amp 1P3-Watt with 2 Solid Core CTs, Gray 1K240-2SW","Edmar","2025-05-14 02:32:53","I want to install this in the second floor of the two story house that has separate panels. I want to monitor the usage of the second floor. Is this suitable for this application? Can I use any circuit breaker to power the device?","","","","","No"
"homedepot","331848887","https://www.homedepot.com/p/Leviton-Decora-15-Amp-125-250V-Euro-American-Standard-Commercial-Grade-Universal-Europlug-Duplex-Outlet-White-5835-W-000-05835-00W/331848887","078477932124","Decora 15 Amp 125/250V Euro-American Standard Commercial Grade Universal (Europlug) Duplex Outlet, White 5835-W","Sergiu","2025-02-16 05:30:10","Here it says they are UL Listed. The outlets I received have no UL certification mark on them and they are shipped without packaging. Please provide the UL Issue/serial number or alphanumeric control number.","","","","","No"
"homedepot","325797188","https://www.homedepot.com/p/Leviton-Decora-15A-60-Minute-Indoor-In-Wall-Countdown-Timer-Switch-1-2-HP-9-8A-Fan-Motor-No-Neutral-Required-Single-Pole-White-R02-DT160-0LW/325797188","078477355046","Decora 15A 60-Minute Indoor In-Wall Countdown Timer Switch 1/2 HP/9.8A Fan/Motor No Neutral Required Single-Pole, White","Frank","2025-03-23 12:19:33","I have older home using bx cable and has white neutral wiring. But none in wall box where this timer is to be used, can I use this. And where should flex green wire be connected to.","","","","","No"
"homedepot","202077623","https://www.homedepot.com/p/Leviton-15-Amp-125-V-Combination-Switch-and-Single-Outlet-Receptacle-White-1-Pack-5225-WS-5225-WS/202077623","078477102077","15 Amp 125 V Combination Switch and Single Outlet/Receptacle, White (1-Pack) 5225-WS","Randy","2025-08-09 09:05:52","How to use this to replace an old switch with only one blk. and one white wire,( older home with 2 prong outlets. I've run bare ground wire to some of outlets and put in 3 pronged instead and will be running a ground to this. Switch to continue /outlet on","","","","","No"
"homedepot","301361574","https://www.homedepot.com/p/Leviton-20-Amp-Self-Test-SmartlockPro-Hospital-Grade-Extra-Heavy-Duty-GFCI-Outlet-Black-GFNT2-HGE-GFNT2-HGE/301361574","078477725078","20 Amp Self-Test SmartlockPro Hospital Grade Extra Heavy Duty GFCI Outlet, Black GFNT2-HGE","Keag","2025-07-31 17:02:27","Are these really 1.4” deep (per the specifications)? I ordered the GFCI/AFI Leviton outlets as the spec said they were 1.2” deep but they are actually 1.68” deep. So I have to return those and find an option that is less deep.","","","","","No"
"homedepot","327585902","https://www.homedepot.com/p/Leviton-30-Watt-6-Amp-White-USB-Type-C-C-15-Amp-Tamper-Resistant-Outlet-USB-Charger-for-Smartphones-and-Tablets-Not-for-Laptops-R02-T5637-00W/327585902","078477000939","30-Watt 6 Amp White USB Type-C/C 15 Amp Tamper-Resistant Outlet USB Charger for Smartphones and Tablets, Not for Laptops","RB22","2025-02-27 19:39:01","How much power does this use on standby, when nothing is plugged in? Please don't tell me zero, because USB power converter chip requires some power even on standby.","","","","","No"
"homedepot","301667505","https://www.homedepot.com/p/Leviton-Miniature-Bi-Pin-Base-Ceramic-Body-G4-G6-35-GY6-35-GX5-3-MR16-GZ4-MR11-Halogen-Incandescent-Lampholder-White-80054/301667505","078477833520","Miniature Bi-Pin Base Ceramic Body G4, G6.35, GY6.35, GX5.3 MR16 GZ4 MR11 Halogen Incandescent Lampholder, White","aron","2025-03-13 14:22:37","Will this socket work with a bi-pin GY6.35 120volt LED bulb with 1/32” pin diameters? the same halogen bulbs have 3/64” pin diameters.","","","","","No"
"homedepot","301747932","https://www.homedepot.com/p/Leviton-1-5-Amp-Decora-Rocker-Slide-Fan-Speed-Control-White-With-Ivory-And-Light-Almond-Color-Change-Faces-Included-DSF01-10Z-001-DSF01-10Z/301747932","078477692349","1.5-Amp Decora Rocker Slide Fan Speed Control, White With Ivory And Light Almond Color Change Faces Included DSF01-10Z","Daisy","2025-07-27 23:04:56","Will this work with bathroom ceiling exhaust fans? If so, how can I tell if specific fans are compatible with it?","","","","","No"
"homedepot","202526087","https://www.homedepot.com/p/Leviton-Black-Medium-Base-Interior-Only-Shell-Incandescent-Lampholder-19980-M-19980-M/202526087","078477319505","Black Medium Base Interior Only Shell Incandescent Lampholder 19980-M","john","2025-07-28 22:48:36","Specs say ""1.5 inch diameter""--it's obviously not. Socket I'm replacing is 1⅛"" max, the one I got from the lamp store today is 1¼"" and won't fit. Is this 1⅛ inch diameter (at the plastic section)? Thanx.","","","","","No"
"homedepot","301667489","https://www.homedepot.com/p/Leviton-660W-Medium-Base-Single-Circuit-Keyless-2-Light-Twin-Multi-Cluster-Phenolic-Incandescent-Lampholder-Black-4015-D4F-4015-D4F/301667489","078477199954","660W Medium Base Single Circuit Keyless 2-Light Twin Multi-Cluster Phenolic Incandescent Lampholder, Black 4015-D4F","GiaMaria","2025-05-29 23:30:56","Exact, specific measurements, please. How far do the brackets extend from the socket holder on each side, etc.","","","","","No"
"homedepot","202027001","https://www.homedepot.com/p/Leviton-Decora-15-Amp-Tamper-Resistant-Combo-Switch-and-Outlet-White-T5625-WS-R62-T5625-0WS/202027001","078477467053","Decora 15 Amp Tamper Resistant Combo Switch and Outlet, White T5625-WS","Lyndalea","2025-02-18 17:25:49","What is this for I have one in my kitchen It's down near the floor look at this possibly be used for. I just moved in here there is an antenna outside this wall could it be something with that?","","","","","No"
"homedepot","205743625","https://www.homedepot.com/p/Leviton-White-Ceiling-Mount-Occupancy-Motion-Sensor-1000-Watt-120-Volt-Switching-Relay-360-Degree-Field-Of-Vision-R02-ODC0S-I1W/205743625","078477881880","White Ceiling Mount Occupancy Motion Sensor, 1000-Watt/120-Volt Switching Relay, 360 Degree Field Of Vision,","Toocold","2025-03-21 21:05:16","If this is used in an unheated space such as a garage will cold temperature make this come on frequently for no reason?","","","","","No"
"homedepot","301753960","https://www.homedepot.com/p/Leviton-20-Amp-Decora-Commercial-Grade-Combination-Two-Single-Pole-Rocker-Switches-White-5627-W-002-05627-00W/301753960","078477884218","20 Amp Decora Commercial Grade Combination Two Single Pole Rocker Switches, White 5627-W","Aziel","2025-02-21 19:33:58","Hello, I'm going to be installing a bathroom Fan that requires 120 V and .9 AMPs with a light that is also 120 V, will this switch be good for this project?","","","","","No"
"homedepot","315388348","https://www.homedepot.com/p/Leviton-Decora-Smart-300-Watt-Single-Pole-Plug-In-Dimmer-Zigbee-Certified-DG3HL-1BW-DG3HL-1BW/315388348","078477269862","Decora Smart 300-Watt Single Pole Plug-In Dimmer, Zigbee Certified DG3HL-1BW","Mitch","2025-02-27 21:25:17","Does the ""Ratings: LED and CFL up to 100-Watt"" mean true wattage or equivalent wattage ? I've got an 11,000lumen, 100w flood light that is equivalent to 1,000w Traditional light.","","","","","No"
"homedepot","327840631","https://www.homedepot.com/p/2nd-Gen-2-Pole-40-Amp-Smart-Circuit-Breaker-w-Remote-Control-Standard-120-240-Volt-and-120-208-Volt-Thermal-Magnetic-R15-LB240-STR/327840631","078477005477","2nd Gen 2-Pole 40 Amp Smart Circuit Breaker w/Remote Control, Standard 120/240-Volt and 120/208-Volt, Thermal Magnetic","Justin","2025-02-26 19:52:23","When you turn it off remotely does it trip the breaker or can you turn it on and off with the app?","","","","","No"
"homedepot","317168142","https://www.homedepot.com/p/Leviton-Decora-In-Wall-Motion-Sensor-Light-Switch-Motion-Activated-Auto-On-Auto-Off-5-Amp-Single-Pole-or-3-Way-White-DOS05-1LZ/317168142","078477572603","Decora In-Wall Motion Sensor Light Switch, Motion Activated, Auto-On/Auto-Off, 5-Amp, Single Pole or 3-Way, White","SSss","2025-08-06 02:42:29","It seems the 2Amp units are only made for lighting. Can this 5Amp unit operate a bathroom fan?","","","","","No"
"homedepot","302110340","https://www.homedepot.com/p/Leviton-Type-3R-Enclosure-for-use-with-30-Amp-or-40-Amp-Motor-Controller-Switches-Steel-Gray-N33NC-DS-N33NC-DS/302110340","078477374429","Type 3R Enclosure (for use with 30 Amp or 40 Amp Motor Controller Switches) Steel - Gray N33NC-DS","Papap","2025-05-04 12:59:55","I want to use this as a cut off to my air compressor in my shop. Will the disconnect handle being turned off and on daily?","","","","","No"
"homedepot","326817036","https://www.homedepot.com/p/Leviton-200-Amp-Outdoor-Meter-Main-Combo-8-Spaces-Ringless-with-Horn-Bypass-LS820-BHR-RH2-LS820-BHR/326817036","078477005309","200 Amp Outdoor Meter Main Combo, 8 Spaces, Ringless with Horn Bypass LS820-BHR","ThatGuy","2025-07-12 20:30:27","Is this really MEG approved? The product description says it is but this model is not listed on the MEG approved list provided by Duke Energy.","","","","","No"
"homedepot","308527070","https://www.homedepot.com/p/Leviton-NEMA-1-42-Space-Indoor-Load-Center-Cover-and-Door-with-Observation-Window-Flush-Surface-Mount-LDC42-W-LDC42-W/308527070","078477821893","NEMA 1 42-Space Indoor Load Center Cover and Door with Observation Window Flush/Surface Mount LDC42-W","Lawfarin","2025-04-17 04:09:47","Did the product change? The one I received, the main breaker isn’t seen from the plexiglass cutout.","","","","","No"
"homedepot","309375483","https://www.homedepot.com/p/Leviton-Decora-15-Amp-Tamper-Resistant-Duplex-Outlet-with-30W-USB-C-Power-Delivery-Charger-Light-Almond-1-Pack-T5635-T-T5635-T/309375483","078477979310","Decora 15 Amp Tamper Resistant Duplex Outlet with 30W USB-C Power Delivery Charger, Light Almond, (1-Pack) T5635-T","someguy","2025-06-22 14:13:00","how much power, exactly, does this outlet use when nothing is plugged into it?","","","","","No"
"homedepot","327585902","https://www.homedepot.com/p/Leviton-30-Watt-6-Amp-White-USB-Type-C-C-15-Amp-Tamper-Resistant-Outlet-USB-Charger-for-Smartphones-and-Tablets-Not-for-Laptops-R02-T5637-00W/327585902","078477000939","30-Watt 6 Amp White USB Type-C/C 15 Amp Tamper-Resistant Outlet USB Charger for Smartphones and Tablets, Not for Laptops","RB22","2025-02-27 19:39:40","Will this charge TWO low power USB devices at the same time?","","","","","No"
"homedepot","331468014","https://www.homedepot.com/p/Leviton-Lever-Edge-20-Amp-125-Volt-Duplex-Outlet-Receptacle-Commercial-Grade-White-1-Pack-ECBR2-W-R02-ECBR2-00W/331468014","078477020425","Lever Edge 20 Amp 125 Volt Duplex Outlet/Receptacle, Commercial Grade, White (1-Pack) ECBR2-W","Jayzee","2025-05-23 19:07:12","does a 2 year warranty makes this an inferior product compared to the standard screw terminal 10 year?","","","","","No"
"homedepot","302119831","https://www.homedepot.com/p/Leviton-Series-1000-Single-Phase-Indoor-Meter-Kit-120-240-Volt-200-Amp-1P3-Watt-with-2-Solid-Core-CTs-Gray-1K240-2SW-1K240-2SW/302119831","078477597484","Series 1000 Single Phase Indoor Meter Kit, 120/240-Volt 200 Amp 1P3-Watt with 2 Solid Core CTs, Gray 1K240-2SW","Edmar","2025-05-14 02:52:40","Is the submeter has counter? If not, which counter do you recomend?","","","","","No"
"homedepot","328459738","https://www.homedepot.com/p/Leviton-Smart-Mains-Metering-Accessory-for-Whole-Home-Energy-Monitoring-LWHEM-000-LSMMA-000/328459738","078477877371","Smart Mains Metering Accessory for Whole Home Energy Monitoring - LWHEM","Jamiebc","2025-03-05 21:19:19","What is the length of the wires, and what wire size if I need to splice it to be longer (this would be a second pair to a nearby panel.)","","","","","No"
"homedepot","326493882","https://www.homedepot.com/p/Leviton-Decora-20-Amp-30-Minute-Indoor-In-Wall-Countdown-Timer-Switch-1-HP-16-Amp-Fan-Motor-Single-Pole-Multi-Way-White-002-DT230-1LW/326493882","078477264324","Decora 20 Amp 30-Minute Indoor In-Wall Countdown Timer Switch, 1 HP/16 Amp Fan/Motor, Single Pole/Multi-Way, White","ssyork","2025-08-09 01:14:47","Will it fit into a 2-gang box with 2-gang wall plate?","","","","","No"
"homedepot","301701277","https://www.homedepot.com/p/Leviton-2-Gang-White-1-Decora-Rocker-1-Blank-Nylon-Strap-Mount-Wall-Plate-1-Pack-80708-W-80708-W/301701277","078477980101","2-Gang White 1-Decora/Rocker / 1-Blank Nylon Strap Mount Wall Plate (1-Pack) 80708-W","TexasFixer","2025-05-30 12:51:51","The .2” (5.59mm) width is edge/overall thickness. What is the plastic thickness in the middle of the plate?","","","","","No"
"homedepot","302119817","https://www.homedepot.com/p/Leviton-Series-1000-Single-Phase-Meter-Outdoor-Kit-120-240-Volt-200-Amp-1P3-Watt-with-2-Split-Core-CTs-Gray-1O240-2W-1O240-2W/302119817","078477597552","Series 1000 Single Phase Meter Outdoor Kit, 120/240-Volt 200 Amp 1P3-Watt with 2 Split Core CTs, Gray 1O240-2W","Alex","2025-05-12 15:30:17","Series 1000, how many circuits can each CT read at same time?","","","","","No"
"homedepot","301207446","https://www.homedepot.com/p/Leviton-20-Amp-125-V-NEMA-6-20R-Industrial-Grade-Single-Outlet-Receptacle-White-1-Pack-5461-W-5461-W/301207446","078477479384","20 Amp 125 V NEMA 6-20R Industrial Grade Single Outlet/Receptacle, White (1-Pack) 5461-W","Howard","2025-02-21 03:55:52","LOL, this is a 240V outlet, not 120V as you advertise. Doesn't Home Depot care anymore about accuracy?","","","","","No"
"homedepot","331468138","https://www.homedepot.com/p/Leviton-Lever-Edge-15-20-Amp-120-277-Volt-3-Way-Toggle-Switch-Commercial-Grade-White-1-Pack-ECSB3-W-R02-ECSB3-00W/331468138","078477021187","Lever Edge 15/20 Amp 120/277 Volt 3-Way Toggle Switch, Commercial Grade, White (1-Pack) ECSB3-W","Brenda","2025-03-23 20:53:17","Can you use this with luminous wiring to hook to copper like the co/alr products","","","","","No"
"homedepot","302123758","https://www.homedepot.com/p/Leviton-40-Amp-600-Volt-Industrial-Grade-Double-Pole-Single-Phase-AC-Manual-Motor-Controller-Toggle-Switch-Black-MS402-DS-MS402-DS/302123758","078477374191","40 Amp 600 Volt Industrial Grade Double Pole Single Phase AC Manual Motor Controller Toggle Switch - Black MS402-DS","gary","2025-03-29 21:50:14","Can this motor controller be used on a welder","","","","","No"
"homedepot","301387047","https://www.homedepot.com/p/Leviton-20-Amp-125-V-Commercial-Grade-Duplex-Outlet-Receptacle-Orange-1-Pack-CR20-O-CR20-O/301387047","078477109915","20 Amp 125 V Commercial Grade Duplex Outlet/Receptacle, Orange (1-Pack) CR20-O","ElectricThristy","2025-07-29 18:02:19","Are these rated to supply power continuous power to EVSE to charge electric vehicles?","","","","","No"
"homedepot","302079248","https://www.homedepot.com/p/Leviton-21-in-Structured-Media-Enclosure-for-Voice-Data-Video-Audio-and-Security-White-47605-21E/302079248","078477543658","21 in. Structured Media Enclosure for Voice, Data, Video, Audio, and Security - White","Stuart","2025-07-20 17:41:03","How do you get anything in the box at 2” wide? I believe it should be 2” depth","","","","","No"
"homedepot","205996763","https://www.homedepot.com/p/Leviton-15-Amp-125-Volt-Duplex-SmarTest-Self-Test-SmartlockPro-Tamper-Resistant-GFCI-Outlet-White-GFTR1-KW-R92-GFTR1-0KW/205996763","078477701935","15 Amp 125-Volt Duplex SmarTest Self-Test SmartlockPro Tamper Resistant GFCI Outlet, White GFTR1-KW","Sheldon","2025-06-27 03:37:38","How long the useful life of the GFCI plugs are?","","","","","No"
"homedepot","100356918","https://www.homedepot.com/p/Leviton-1-Gang-White-Decora-Rocker-Nylon-Midway-Midsize-Wall-Plate-1-Pack-PJ26-W-R62-0PJ26-00W/100356918","078477211618","1-Gang White Decora/Rocker Nylon Midway/Midsize Wall Plate (1-Pack) PJ26-W","Dave","2025-03-09 17:26:59","Will this clear a Leviton Edge device without breaking the tabs on the Edge device?","","","","","No"
"homedepot","327842514","https://www.homedepot.com/p/Leviton-2nd-Gen-Load-Center-Wifi-Data-Hub-Whole-Home-Energy-Monitor-with-1-Pair-of-CTs-LWHEM-2R-R02-LWHEM-02R/327842514","078477264089","2nd Gen Load Center Wifi Data Hub, Whole Home Energy Monitor with 1-Pair of CTs LWHEM-2R","CK36","2025-03-05 16:20:13","Since there is only one CT transformer provided, does this only provide total current for the entire panel? Do the Leviton breakers also have built in CT's to allow the measurement of current on each individual circuit?","","","","","No"
"homedepot","100357030","https://www.homedepot.com/p/Leviton-Glazed-Porcelain-Lamp-Holder-with-Pull-Chain-and-Outlet-9726-C-R60-09726-00C/100357030","078477103098","Glazed Porcelain Lamp Holder with Pull Chain and Outlet 9726-C","Frank","2025-08-11 15:16:25","Does the pullchain switch the socket or the outlet or both?","","","","","No"
"homedepot","331802987","https://www.homedepot.com/p/Leviton-Decora-Smart-ELV-LED-Phase-Selectable-Rocker-Dimmer-Switch-Wi-Fi-2nd-Gen-Neutral-Wire-Required-White-D2ELV-1BW-D2ELV-1BW/331802987","078477001196","Decora Smart ELV/LED, Phase Selectable Rocker Dimmer Switch, Wi-Fi 2nd Gen, Neutral Wire Required, White D2ELV-1BW","scott","2025-07-29 22:03:14","I currently have overhead recessed Sunco LEDs connected to a Leviton Decora Smart Dimmer (non-ELV/LED model). They flicker at low brightnesses. Will this dimmer make them flicker less?","","","","","No"
"homedepot","311373554","https://www.homedepot.com/p/Leviton-50-Amp-Single-Surface-Mounted-Single-Outlet-Black-R20-55050-P00/311373554","078477982341","50 Amp Single Surface Mounted Single Outlet, Black","TomR","2025-04-24 20:42:38","is this rated to use in a garage when near the main door","","","","","No"
"homedepot","100356881","https://www.homedepot.com/p/Leviton-Trimatron-Rotary-Dimmer-Switch-and-Fan-Control-Replacement-Knob-White-26115-W-R62-26115-00W/100356881","078477018118","Trimatron Rotary Dimmer Switch and Fan Control Replacement Knob - White 26115-W","Bill","2025-04-01 01:46:53","Will this knob fit my hunter fan three position fan controller","","","","","No"
"homedepot","312395782","https://www.homedepot.com/p/Leviton-200-Amp-12-Space-All-in-One-UG-OH-Semi-Flush-Solar-Ready-Panel-with-Main-Breaker-LP120-SR-03S-LP120-0SR/312395782","078477957516","200 Amp 12-Space All-in-One UG/OH Semi-Flush (Solar Ready) Panel with Main Breaker LP120-SR","AllPhaseElectric","2025-02-23 05:12:45","Does this have feed through lugs?","","","","","No"
"homedepot","301370402","https://www.homedepot.com/p/Leviton-Trimatron-Rotary-Dimmer-Switch-for-Dimmable-LED-Halogen-and-Incandescent-Bulbs-White-RNL06-TW-R00-RNL06-0TW/301370402","078477855614","Trimatron Rotary Dimmer Switch for Dimmable LED, Halogen and Incandescent Bulbs - White RNL06-TW","Gary","2025-02-16 14:03:26","Can this be used for fan speed control","","","","","No"
"homedepot","307887631","https://www.homedepot.com/p/Leviton-Concrete-Floor-Box-Nickel-Plated-Cover-Plate-1-Decora-Flip-Lid-and-1-Data-Cap-FBC1F-N-FBC1F-N/307887631","078477812259","Concrete Floor Box Nickel Plated Cover Plate, 1 Decora Flip Lid and 1 Data Cap FBC1F-N","glouie","2025-04-14 03:19:04","What is the clearance need to open and close the lid?","","","","","No"
"homedepot","205996750","https://www.homedepot.com/p/Leviton-15-Amp-Self-Test-SmartlockPro-Slim-GFCI-Duplex-Outlet-White-3-Pack-GFNT1-3W-M02-GFNT1-03W/205996750","078477714119","15 Amp Self-Test SmartlockPro Slim GFCI Duplex Outlet, White (3-Pack) GFNT1-3W","mimic","2025-08-06 06:00:38","Can be used in an outside, inside an in use weather proof box?","","","","","No"
"homedepot","318506294","https://www.homedepot.com/p/Leviton-60-Amp-600-Volt-Non-Metallic-Non-Fused-Powerswitch-Safety-Disconnect-Switch-LDS60-AX-LDS60-AX/318506294","078477768013","60 Amp 600-Volt Non-Metallic Non-Fused Powerswitch Safety Disconnect Switch LDS60-AX","ElectricThristy","2025-06-03 14:02:12","Is this rated for continuous use for an EVSE?","","","","","No"
"homedepot","300292747","https://www.homedepot.com/p/Leviton-20-Amp-250-Volt-NEMA-6-20R-2-Pole-Commercial-Grade-Single-Straight-Blade-Receptacle-White-5821-W-5821-W/300292747","078477249871","20 Amp 250-Volt NEMA 6-20R 2-Pole Commercial Grade Single Straight Blade Receptacle, White 5821-W","Coleden","2025-03-26 02:37:35","Will this outlet fit both of these.","","","","","No"
"homedepot","203812619","https://www.homedepot.com/p/Leviton-Table-Top-Plug-In-Lamp-Dimmer-for-Dimmable-LED-Halogen-and-Incandescent-Bulbs-Black-TBL03-10E-R15-TBL03-10E/203812619","078477603819","Table Top Plug In Lamp Dimmer for Dimmable LED, Halogen and Incandescent Bulbs - Black TBL03-10E","Wildfire","2025-08-03 18:30:36","Will this work on a four position switch floor lamp with five 40 watt bulbs","","","","","No"
"homedepot","301767696","https://www.homedepot.com/p/Leviton-Decora-15-Amp-Hospital-Grade-Tamper-Resistant-Duplex-Outlet-and-3-6-Amp-USB-Outlet-Ivory-T5632-HGI-T5632-HGI/301767696","078477685464","Decora 15 Amp Hospital Grade Tamper Resistant Duplex Outlet and 3.6 Amp USB Outlet, Ivory T5632-HGI","Norm","2025-03-14 11:15:20","Why does the ivory version cost $64.56 and the red version only $22.31?","","","","","No"
"homedepot","320954125","https://www.homedepot.com/p/Leviton-Decora-Smart-Wi-Fi-2nd-Gen-Scene-Controller-Switch-D2SCS-1RW-R02-D2SCS-1RW/320954125","078477472668","Decora Smart Wi-Fi 2nd Gen Scene Controller Switch D2SCS-1RW","Nick","2025-08-09 17:40:13","Can this switch be use to control 3 different lights or can it operate as a duplex switch","","","","","No"
"homedepot","300861869","https://www.homedepot.com/p/Leviton-20-Amp-125-Volt-Locking-Plug-Black-and-White-2311-CS-R50-02311-0CS/300861869","078477842652","20 Amp 125-Volt Locking Plug, Black and White 2311-CS","Barry","2025-06-20 11:49:29","What are the REAL dimension of the product, not the box it comes in?","","","","","No"
"homedepot","301667401","https://www.homedepot.com/p/Leviton-3-Amp-Commercial-Grade-Single-Pole-Single-Circuit-Momentary-Doorjamb-with-Jamb-Box-Switch-Brass-1865-1865/301667401","078477954157","3 Amp Commercial Grade Single-Pole Single Circuit Momentary Doorjamb with Jamb Box Switch, Brass 1865","Bill","2025-03-02 00:31:57","I have an electrical closet that I have a uv c lamp on. Will this switch keep the on while the door is closed and off as soon as the door starts to open?","","","","","No"
"homedepot","332000351","https://www.homedepot.com/p/Leviton-400-Amp-Outdoor-Meter-Main-Combo-12-Spaces-Ringless-with-Lever-Bypass-Removable-5th-Jaw-Installed-250-LS140-S5D/332000351","078477333709","400 Amp Outdoor Meter Main Combo, 12-Spaces, Ringless with Lever Bypass, Removable 5th Jaw Installed","dave","2025-06-29 17:26:51","can this be pole mounted","","","","","No"
"homedepot","302119836","https://www.homedepot.com/p/Leviton-Outdoor-Surface-Mount-Mechanical-Counter-Mini-Meter-Kit-with-2-Split-Core-CTs-White-MO240-2SW-MO240-2SW/302119836","078477603062","Outdoor Surface Mount Mechanical Counter Mini Meter Kit with 2-Split Core CTs, White MO240-2SW","Edmar","2025-05-14 02:05:58","Can you reset the reading to 0?","","","","","No"
"homedepot","317168141","https://www.homedepot.com/p/Leviton-2-Amp-Single-Pole-Decora-Vacancy-Motion-Sensor-In-Wall-Switch-Manual-On-White-DVS02-1LW-DVS02-1LW/317168141","078477572580","2 Amp Single Pole Decora Vacancy Motion Sensor In-Wall Switch Manual-On , White DVS02-1LW","Maxwell","2025-03-01 23:32:19","With this work for a bathroom fan?","","","","","No"
"homedepot","100356999","https://www.homedepot.com/p/Leviton-20-Amp-250V-Single-Outlet-Receptacle-White-1-Pack-5821-WS-R52-05821-0WS/100356999","078477790281","20 Amp 250V Single Outlet/Receptacle, White (1-Pack) 5821-WS","Moms","2025-03-30 19:46:18","What's the difference between the 88004 plate and the 80704 plate for this outlet?","","","","","No"
"homedepot","301940681","https://www.homedepot.com/p/Leviton-Decora-GFCI-1-Gang-Extra-Heavy-Duty-Raintight-While-In-Use-Device-Mount-Horizontal-Cover-with-Lid-Clear-5981-UCL-5981-UCL/301940681","078477674253","Decora/GFCI 1-Gang Extra Heavy-Duty Raintight While-In-Use Device Mount Horizontal Cover with Lid, Clear 5981-UCL","Neji","2025-02-17 22:41:23","Would this fit over a rectangle/this junction box ? Looking to replace the receptacle and outlet.","","","","","No"
"homedepot","100191324","https://www.homedepot.com/p/Leviton-Decora-Plus-15-Amp-125-V-Industrial-Grade-Duplex-Outlet-Receptacle-White-1-Pack-16252-WS-R82-16252-0WS/100191324","078477056356","Decora Plus 15 Amp 125 V Industrial Grade Duplex Outlet/Receptacle, White (1-Pack) 16252-WS","Outlet","2025-03-04 08:01:12","Outlet for furnance","","","","","No"
"homedepot","301447101","https://www.homedepot.com/p/Leviton-20-Amp-Commercial-Grade-Double-Pole-Toggle-Switch-White-54522-2W-54522-2W/301447101","078477125502","20 Amp Commercial Grade Double-Pole Toggle Switch, White 54522-2W","Leslie","2025-03-26 02:37:12","The standard plate does not fit over this toggle. What plate will?","","","","","No"
"homedepot","301447090","https://www.homedepot.com/p/Leviton-20-Amp-Single-Pole-Key-Lock-Switch-Quiet-Toggle-Black-Industrial-Grade-and-Heavy-Duty-1221-2KL/301447090","078477361986","20 Amp Single-Pole Key Lock Switch, Quiet Toggle, Black, Industrial Grade and Heavy Duty","Adam","2025-08-10 01:22:08","Does key pull out in on position?","","","","","No"
"homedepot","301446353","https://www.homedepot.com/p/Leviton-20-Amp-Decora-Plus-Commercial-Grade-Double-Pole-Rocker-Switch-White-5622-2W-5622-2W/301446353","078477515198","20 Amp Decora Plus Commercial Grade Double Pole Rocker Switch, White 5622-2W","Jorge","2025-08-10 16:47:36","Is this a 120-277v double pole rocker switch ?","","","","","No"
"homedepot","323276288","https://www.homedepot.com/p/Leviton-200-Amp-42-Space-Outdoor-Load-Center-with-Main-Breaker-LR420-BDR-RD0-LR420-BDR/323276288","078477217252","200 Amp 42-Space Outdoor Load Center with Main Breaker LR420-BDR","jveezy","2025-04-14 18:33:55","What is the difference between LR420-BDR and LR420-BDD ?","","","","","No"
"homedepot","327671409","https://www.homedepot.com/p/Leviton-20-Amp-SmartlockPro-Wi-Fi-Certified-Smart-GFCI-Outlet-White-D2GF2-KW-R02-D2GF2-0KW/327671409","078477333679","20 Amp SmartlockPro Wi-Fi Certified Smart GFCI Outlet White D2GF2-KW","BVTim","2025-07-22 20:55:24","can this outlet be used outside in an exterior weatherproof outlet cover","","","","","No"
"homedepot","202077719","https://www.homedepot.com/p/Leviton-20-Amp-125-V-Tamper-Resistant-Duplex-Outlet-Receptacle-Light-Almond-1-Pack-T5820-TS-R56-T5820-0TS/202077719","078477466735","20 Amp 125 V Tamper Resistant Duplex Outlet/Receptacle, Light Almond (1-Pack) T5820-TS","KEITH","2025-03-05 00:12:05","How do you wire to of them together in same box 3 black wire coming in to outlet","","","","","No"
"homedepot","203409469","https://www.homedepot.com/p/Leviton-Structured-Media-1x8-8-Way-2-05GHz-White-Passive-Video-Splitter-Module-47690-8C2-47690-8C2/203409469","078477058480","Structured Media 1x8 (8-Way) 2.05GHz White Passive Video Splitter Module 47690-8C2","skippu","2025-02-16 16:34:11","Is this splitter Moca compliant?","","","","","No"
"homedepot","301447034","https://www.homedepot.com/p/Leviton-15-Amp-Commercial-Grade-3-Way-Toggle-Switch-White-CS315-2W-CS315-2W/301447034","078477815632","15 Amp Commercial Grade 3-Way Toggle Switch, White CS315-2W","Reed","2025-02-17 19:40:32","Reed light switch for two locations to turn on and off the same light","","","","","No"
"homedepot","100356911","https://www.homedepot.com/p/Leviton-2-Gang-Ivory-Decora-Rocker-Nylon-Midway-Midsize-Wall-Plate-1-Pack-PJ262-I-R51-PJ262-00I/100356911","078477211755","2-Gang Ivory Decora/Rocker Nylon Midway/Midsize Wall Plate (1-Pack) PJ262-I","Donnas","2025-04-09 13:37:18","weathered wood finish switch plated","","","","","No"
"homedepot","309601721","https://www.homedepot.com/p/Leviton-Gray-1-Gang-Industrial-Grade-Weatherproof-Cover-for-Flanged-Devices-WP2-GY-R50-00WP2-0GY/309601721","078477322048","Gray 1-Gang Industrial Grade Weatherproof Cover for Flanged Devices WP2-GY","Shawn","2025-07-29 00:39:56","Will it fit a 5-20p flanged inlet","","","","","No"
"homedepot","202077688","https://www.homedepot.com/p/Leviton-660-Watt-Phenolic-Incandescent-Lampholder-Black-3352-F-3352-F/202077688","078477195208","660 Watt Phenolic Incandescent Lampholder, Black 3352-F","Wattever","2025-04-18 13:25:00","Seems like a lot of wattage for a regular 60-100 watt light bulb","","","","","No"
"homedepot","328740446","https://www.homedepot.com/p/Leviton-15-Amp-Decora-Weather-Resistant-Single-Pole-Switch-White-W5601-W-R02-W5601-00W/328740446","078477223888","15 Amp Decora Weather-Resistant Single-Pole Switch , White W5601-W","Evan","2025-02-28 05:31:27","Would this switch work inside of a wet sauna?","","","","","No"
"homedepot","301667507","https://www.homedepot.com/p/Leviton-Rubber-Weatherproof-Outdoor-Light-Socket-for-Medium-Base-Incandescent-Bulbs-124-D-124-D/301667507","078477117590","Rubber Weatherproof Outdoor Light Socket for Medium Base Incandescent Bulbs 124-D","Carol","2025-02-26 16:23:30","Is this a dimmable socket?","","","","","No"
"homedepot","100356999","https://www.homedepot.com/p/Leviton-20-Amp-250V-Single-Outlet-Receptacle-White-1-Pack-5821-WS-R52-05821-0WS/100356999","078477790281","20 Amp 250V Single Outlet/Receptacle, White (1-Pack) 5821-WS","LZ32","2025-03-14 10:09:54","What is the difference between the 5821-W and 5821-WS","","","","","No"
"homedepot","301304898","https://www.homedepot.com/p/Leviton-15-Amp-125-Volt-Straight-Blade-Grounding-Power-Inlet-Outlet-Gray-5278-CWP-001-05278-CWP/301304898","078477018712","15 Amp 125-Volt Straight Blade Grounding Power Inlet Outlet, Gray 5278-CWP","Bogie","2025-03-04 15:51:39","What size hole does it take?","","","","","No"
"homedepot","100211263","https://www.homedepot.com/p/Leviton-Decora-15-Amp-Single-Pole-AC-Quiet-Switch-Gray-5601-2GS-R67-05601-2GS/100211263","078477200759","Decora 15 Amp Single-Pole AC Quiet Switch, Gray 5601-2GS","Steve","2025-03-05 14:05:19","Is this switch compatable with LED integrated lights?","","","","","No"
"homedepot","300324220","https://www.homedepot.com/p/Leviton-50-Amp-2-Pole-Flush-Mount-Shallow-Single-Outlet-Black-NEMA-6-50R-R10-05374-S00/300324220","078477695401","50 Amp 2-Pole Flush Mount Shallow Single Outlet, Black NEMA 6-50R","Lucas","2025-06-19 18:55:50","Can this be used in a mobile home?","","","","","No"
"homedepot","301792133","https://www.homedepot.com/p/Leviton-2-Gang-Clear-Wall-Plate-Plastic-Shield-1-Pack-12796-12796/301792133","078477852453","2-Gang Clear Wall Plate Plastic Shield  (1-Pack) 12796","Fixingitmyself","2025-03-26 18:43:07","So it's not square? why is it pictured as square?","","","","","No"
"homedepot","318748202","https://www.homedepot.com/p/Leviton-15-Amp-120-Volt-AC-Self-Test-Right-Angle-Plug-In-GFCI-Automatic-Reset-GSRA1-THD-R51-GSRA1-THD/318748202","078477682753","15 Amp 120-Volt AC Self-Test Right Angle Plug-In GFCI Automatic Reset GSRA1-THD","Suleyka","2025-06-23 20:18:32","Can I use this auto reset gfci plug for a ac plug replacement.?","","","","","No"
"homedepot","307887626","https://www.homedepot.com/p/Leviton-Concrete-Floor-Box-Leveling-Ring-FBLEV-GY-FBLEV-GY/307887626","078477811870","Concrete Floor Box Leveling Ring FBLEV-GY","JimF","2025-03-13 16:18:28","Will this work with 4 1/2” diameter opening of existing sunken floor box?","","","","","No"
"homedepot","323276288","https://www.homedepot.com/p/Leviton-200-Amp-42-Space-Outdoor-Load-Center-with-Main-Breaker-LR420-BDR-RD0-LR420-BDR/323276288","078477217252","200 Amp 42-Space Outdoor Load Center with Main Breaker LR420-BDR","Kevin","2025-02-19 19:36:53","Do GE Breakers fit this panel","","","","","No"
"homedepot","100356782","https://www.homedepot.com/p/Leviton-1-Gang-White-Toggle-Nylon-Midway-Midsize-Wall-Plate-10-Pack-PJ1-WM-M52-00PJ1-0WM/100356782","078477211793","1-Gang White Toggle Nylon Midway/Midsize Wall Plate (10-Pack) PJ1-WM","Cover","2025-08-11 14:50:00","What is the cover size","","","","","No"
"homedepot","323402171","https://www.homedepot.com/p/Leviton-Additional-Charging-Station-Access-Control-RFID-Card-ERFID-ERFID/323402171","078477877647","Additional Charging Station Access Control (RFID) Card ERFID","Albana","2025-06-15 13:29:05","need to open a new home depot card","","","","","No"
"homedepot","205165516","https://www.homedepot.com/p/Leviton-15-Amp-125-Volt-3-Wire-Connector-Orange-515CV-OR-R51-515CV-0OR/205165516","078477559550","15 Amp 125-Volt 3-Wire Connector Orange 515CV-OR","Specs","2025-06-30 03:37:08","What are the dimensions for trimming the wires?","","","","","No"
"homedepot","316126703","https://www.homedepot.com/p/Leviton-Decora-In-Wall-Motion-Sensor-Light-Switch-Motion-Activated-Auto-On-Auto-Off-2-Amp-Single-Pole-White-DOS02-1LW-R02-DOS02-1LW/316126703","078477572559","Decora In-Wall Motion Sensor Light Switch, Motion Activated, Auto-On/Auto-Off, 2-Amp, Single Pole, White DOS02-1LW","Eric","2025-04-11 19:38:20","What is the standby power consumption","","","","","No"
"homedepot","307887626","https://www.homedepot.com/p/Leviton-Concrete-Floor-Box-Leveling-Ring-FBLEV-GY-FBLEV-GY/307887626","078477811870","Concrete Floor Box Leveling Ring FBLEV-GY","Mike","2025-06-27 14:56:01","Does this fit 4.5-in opening?","","","","","No"
"homedepot","301753908","https://www.homedepot.com/p/Leviton-15-Amp-Commercial-Grade-Combination-Single-Pole-Toggle-Switch-and-Receptacle-Light-Almond-5225-T-5225-T/301753908","078477274880","15 Amp Commercial Grade Combination Single Pole Toggle Switch and Receptacle, Light Almond 5225-T","LeeWright","2025-02-27 22:10:13","Got a plate for this item","","","","","No"
"homedepot","100201339","https://www.homedepot.com/p/Leviton-3-Amp-Appliance-Cord-Switch-White-5410-W-R52-05410-00W/100201339","078477982693","3 Amp Appliance Cord Switch, White 5410-W","Nicky","2025-03-08 01:30:30","Can this be used for a paddle blade ceiling fan.","","","","","No"
"homedepot","202034985","https://www.homedepot.com/p/Leviton-15-20-Amp-Single-Pole-Industrial-Illuminated-Toggle-Switch-Clear-1221-LC-R57-01221-0LC/202034985","078477466827","15/20 Amp Single-Pole Industrial Illuminated Toggle Switch, Clear 1221-LC","Bear","2025-02-20 00:52:33","Is it illuminated when powered on","","","","","No"
"homedepot","206000156","https://www.homedepot.com/p/Leviton-20-Amp-Self-Test-SmartlockPro-Slim-Duplex-GFCI-Outlet-Gray-GFNT2-KGY-R93-GFNT2-KGY/206000156","078477714669","20 Amp Self-Test SmartlockPro Slim Duplex GFCI Outlet, Gray GFNT2-KGY","TJF1","2025-08-08 21:24:44","Where is it made?","","","","","No"
"homedepot","100200635","https://www.homedepot.com/p/Leviton-2-Outlet-White-Socket-with-Pull-Chain-1406-W-R52-01406-00W/100200635","078477077405","2-Outlet White Socket with Pull Chain 1406-W","Drom","2025-03-20 16:08:34","Can I plug my miter saw into this type of outlet?","","","","","No"
"homedepot","301693156","https://www.homedepot.com/p/Leviton-1-Gang-White-Blank-Plate-Plastic-Strap-Mount-Standard-Wall-Plate-1-Pack-88019-88019/301693156","078477776209","1-Gang White Blank Plate Plastic Strap Mount Standard Wall Plate (1-Pack) 88019","Brad","2025-03-11 12:35:30","What is the screw hole distance","","","","","No"
"homedepot","301647760","https://www.homedepot.com/p/Leviton-2-Gang-Brown-Toggle-Plastic-Jumbo-Oversized-Wall-Plate-1-Pack-85109-85109/301647760","078477437407","2-Gang Brown Toggle Plastic Jumbo/Oversized Wall Plate (1-Pack) 85109","BigSass","2025-05-01 13:06:51","Can this cover fit and double lights switch?","","","","","No"
"homedepot","301410802","https://www.homedepot.com/p/Leviton-15-Amp-125-Volt-Rubber-Grounding-Plug-515PR-R-R70-515PR-00R/301410802","078477790946","15 Amp 125-Volt Rubber Grounding Plug 515PR-R","Armando","2025-03-01 00:04:54","Can this plug take in 12/2 size wire??","","","","","No"
"homedepot","301410802","https://www.homedepot.com/p/Leviton-15-Amp-125-Volt-Rubber-Grounding-Plug-515PR-R-R70-515PR-00R/301410802","078477790946","15 Amp 125-Volt Rubber Grounding Plug 515PR-R","Yoly","2025-03-02 13:57:32","Can this be use for a presión washer","","","","","No"
"homedepot","100356874","https://www.homedepot.com/p/Leviton-Weatherproof-Socket-Black-55-R60-00055-000/100356874","078477839591","Weatherproof Socket, Black 55","Alpilot","2025-06-06 18:51:52","what is the greatest watt bulb that will work in this socket","","","","","No"
"homedepot","100357000","https://www.homedepot.com/p/Leviton-Push-Button-Socket-Lamp-Holder-6098-PG-R50-06098-0PG/100357000","078477253700","Push-Button Socket Lamp Holder 6098-PG","Barbara","2025-08-11 23:57:24","Is this 1/8 IP","","","","","No"
